id,nino_id,fecha,fuente,peso_valor,peso_unidad,talla_valor,talla_unidad
M001,N001,2024-04-10,CRED,6.2,kg,62.0,cm
M002,N001,2024-07-12,CRED,7.8,kg,67.5,cm
M003,N001,2024-10-15,CRED,9.0,kg,71.8,cm
M004,N001,2025-01-14,CRED,10.1,kg,75.5,cm
M005,N002,2025-03-12,CRED,9.6,kg,75.0,cm
M006,N002,2025-07-14,VISITA_DOMICILIARIA,9800,g,0.785,m
M007,N002,2025-12-03,PROGRAMA_SOCIAL,9.9,kg,82.0,cm
M008,N003,2024-02-20,CRED,6.5,kg,63.0,cm
M009,N003,2024-06-22,CRED,6.9,kg,66.0,cm
M010,N003,2024-10-25,CRED,7.1,kg,68.5,cm
M011,N003,2025-02-15,CRED,7.4,kg,71.0,cm
M012,N004,2024-01-10,CRED,5.4,kg,58.0,cm
M013,N004,2024-04-12,CRED,5.9,kg,60.5,cm
M014,N004,2024-08-05,PROGRAMA_SOCIAL,6.4,kg,63.0,cm
M015,N004,2024-12-10,CRED,7.6,kg,67.0,cm
M016,N004,2025-04-08,CRED,8.9,kg,71.5,cm
M017,N005,2024-05-01,CRED,8300,g,70.0,cm
M018,N005,2024-05-01,VISITA_DOMICILIARIA,8.3,kg,70.0,cm
M019,N006,2024-01-12,CRED,9.2,kg,0.735,m
M020,N006,2024-06-15,CRED,10.4,kg,78.0,cm
M021,N007,2025-01-05,PROGRAMA_SOCIAL,85.0,kg,80.0,cm
M022,N008,2024-04-30,CRED,3.2,kg,60.0,cm
M023,N009,2023-11-18,CRED,8.0,kg,70.0,cm
M024,N009,2024-03-20,VISITA_DOMICILIARIA,8600,g,73.5,cm
M025,N009,2024-07-22,PROGRAMA_SOCIAL,9.1,kg,0.765,m
M026,N010,2023-08-22,CRED,6.8,kg,64.0,cm
M027,N010,2024-05-25,CRED,8.5,kg,72.0,cm
M028,N011,2024-01-03,CRED,7.0,kg,66.0,cm
M029,N011,2024-05-06,CRED,7.9,kg,69.5,cm
M030,N011,2024-09-09,CRED,8.7,kg,73.0,cm
M031,N012,2024-06-14,CRED,4.8,kg,55.0,cm
M032,N012,2024-09-16,CRED,5.6,kg,58.5,cm
M033,N013,2023-10-27,CRED,7.3,kg,67.0,cm
M034,N013,2024-02-28,CRED,8.1,kg,70.0,cm
M035,N013,2024-07-02,CRED,9.0,kg,73.5,cm
M036,N014,2024-03-09,CRED,5.9,kg,59.5,cm
M037,N014,2024-07-11,CRED,6.7,kg,63.0,cm
